avatar,slot,ability,filename,duration_seconds,sample_rate,bit_depth,channels,peak_dbfs
"Aetherbolt","Skill 1","Relic Bolt","aetherbolt_skill1.wav","0.540","48000","24","1","-4.59"
"Aetherbolt","Skill 2","Phase Skip","aetherbolt_skill2.wav","0.577","48000","24","1","-7.55"
"Aetherbolt","Ultimate","Horizon Lance","aetherbolt_ultimate.wav","1.539","48000","24","1","-11.57"
"Aetheris","Skill 1","Spirits Orbit Array","aetheris_skill1.wav","0.837","48000","24","1","-5.68"
"Aetheris","Skill 2","Overcharge Surge","aetheris_skill2.wav","0.697","48000","24","1","-7.81"
"Aetheris","Ultimate","Resonant Convergence","aetheris_ultimate.wav","1.437","48000","24","1","-7.56"
"Astra","Skill 1","Volley Cone","astra_skill1.wav","0.611","48000","24","1","-3.26"
"Astra","Skill 2","Frost Flurry","astra_skill2.wav","0.978","48000","24","1","-11.62"
"Astra","Ultimate","Enchanted Crystal Comet","astra_ultimate.wav","1.882","48000","24","1","-7.55"
"Batrix","Skill 1","Firefly Scorched Path","batrix_skill1.wav","0.497","48000","24","1","-5.95"
"Batrix","Skill 2","Flamebreak Grenade","batrix_skill2.wav","0.754","48000","24","1","-7.07"
"Batrix","Ultimate","Flaming Lasso Drag","batrix_ultimate.wav","1.243","48000","24","1","-3.39"
"Brewmaw","Skill 1","Bursting Cask","brewmaw_skill1.wav","0.640","48000","24","1","-3.26"
"Brewmaw","Skill 2","Barrel Rush","brewmaw_skill2.wav","0.989","48000","24","1","-3.01"
"Brewmaw","Ultimate","Grand Vintage","brewmaw_ultimate.wav","1.392","48000","24","1","-6.63"
"Buck","Skill 1","Powder Keg Blast","buck_skill1.wav","0.698","48000","24","1","-3.00"
"Buck","Skill 2","Smoke Screen","buck_skill2.wav","0.941","48000","24","1","-3.14"
"Buck","Ultimate","Collateral Blast","buck_ultimate.wav","1.468","48000","24","1","-3.29"
"Cinderbloom","Skill 1","Cinder Sequence","cinderbloom_skill1.wav","0.510","48000","24","1","-11.93"
"Cinderbloom","Skill 2","Ash Veil","cinderbloom_skill2.wav","1.052","48000","24","1","-8.09"
"Cinderbloom","Ultimate","Cinder Verdict","cinderbloom_ultimate.wav","2.351","48000","24","1","-9.10"
"Cloudtail","Skill 1","Longstaff Crack","cloudtail_skill1.wav","0.476","48000","24","1","-3.11"
"Cloudtail","Skill 2","Mist Double","cloudtail_skill2.wav","1.023","48000","24","1","-5.37"
"Cloudtail","Ultimate","Cyclone Dance","cloudtail_ultimate.wav","1.866","48000","24","1","-8.24"
"Cora","Skill 1","Twin Plumage","cora_skill1.wav","0.840","48000","24","1","-4.35"
"Cora","Skill 2","Feather Recall","cora_skill2.wav","0.801","48000","24","1","-6.62"
"Cora","Ultimate","Skyward Plumes","cora_ultimate.wav","1.323","48000","24","1","-7.48"
"Corsara","Skill 1","Ricochet Round","corsara_skill1.wav","0.515","48000","24","1","-3.01"
"Corsara","Skill 2","Saltstorm","corsara_skill2.wav","0.988","48000","24","1","-3.29"
"Corsara","Ultimate","Broadside Waltz","corsara_ultimate.wav","1.441","48000","24","1","-5.96"
"Croakwell","Skill 1","Ribbon Lash","croakwell_skill1.wav","0.651","48000","24","1","-7.66"
"Croakwell","Skill 2","Bogbeat","croakwell_skill2.wav","0.645","48000","24","1","-7.69"
"Croakwell","Ultimate","Marsh Anthem","croakwell_ultimate.wav","1.308","48000","24","1","-12.94"
"Faelith","Skill 1","Glimmerthorn","faelith_skill1.wav","0.840","48000","24","1","-7.77"
"Faelith","Skill 2","Mothspell","faelith_skill2.wav","0.926","48000","24","1","-4.30"
"Faelith","Ultimate","Wildheart Bloom","faelith_ultimate.wav","1.264","48000","24","1","-4.01"
"Hweilin","Skill 1","Molten Splatter","hweilin_skill1.wav","0.628","48000","24","1","-7.15"
"Hweilin","Skill 2","Gleaming Wash","hweilin_skill2.wav","1.080","48000","24","1","-12.22"
"Hweilin","Ultimate","Vortex of Torment","hweilin_ultimate.wav","1.291","48000","24","1","-5.01"
"Inai","Skill 1","Aether Remnant","inai_skill1.wav","0.719","48000","24","1","-3.35"
"Inai","Skill 2","Dissimilate","inai_skill2.wav","0.711","48000","24","1","-6.28"
"Inai","Ultimate","Astral Step","inai_ultimate.wav","1.269","48000","24","1","-6.86"
"Jaxon","Skill 1","Shock Blast Plasma","jaxon_skill1.wav","0.546","48000","24","1","-3.00"
"Jaxon","Skill 2","Thundering Leap","jaxon_skill2.wav","0.964","48000","24","1","-7.09"
"Jaxon","Ultimate","Mercury Overdrive","jaxon_ultimate.wav","1.408","48000","24","1","-11.50"
"Jinxy","Skill 1","Fishbones Rockets","jinxy_skill1.wav","0.559","48000","24","1","-6.22"
"Jinxy","Skill 2","Shock Pistols Zap","jinxy_skill2.wav","0.922","48000","24","1","-7.83"
"Jinxy","Ultimate","Super Mega Rocket","jinxy_ultimate.wav","2.045","48000","24","1","-7.74"
"Kaelen","Skill 1","Orb of Ice","kaelen_skill1.wav","0.598","48000","24","1","-3.17"
"Kaelen","Skill 2","Orb of Wind","kaelen_skill2.wav","0.718","48000","24","1","-7.33"
"Kaelen","Ultimate","Orb of Fire","kaelen_ultimate.wav","1.381","48000","24","1","-5.62"
"Kage","Skill 1","Shadow Shuriken","kage_skill1.wav","0.586","48000","24","1","-5.14"
"Kage","Skill 2","Shadow Projection","kage_skill2.wav","0.658","48000","24","1","-10.60"
"Kage","Ultimate","Eclipse Mark","kage_ultimate.wav","1.800","48000","24","1","-9.92"
"Kaolin","Skill 1","Boulder Smash","kaolin_skill1.wav","0.825","48000","24","1","-2.96"
"Kaolin","Skill 2","Rolling Boulder","kaolin_skill2.wav","0.958","48000","24","1","-5.43"
"Kaolin","Ultimate","Magnetize","kaolin_ultimate.wav","1.409","48000","24","1","-11.19"
"Kazemaru","Skill 1","Tempest Thrust & Gale","kazemaru_skill1.wav","0.589","48000","24","1","-7.59"
"Kazemaru","Skill 2","Zephyr Barrier","kazemaru_skill2.wav","1.070","48000","24","1","-3.00"
"Kazemaru","Ultimate","Airborne Sever","kazemaru_ultimate.wav","1.202","48000","24","1","-8.30"
"Kindra","Skill 1","Ghoststep Volley","kindra_skill1.wav","0.873","48000","24","1","-8.12"
"Kindra","Skill 2","Shadow Pounce","kindra_skill2.wav","0.579","48000","24","1","-5.51"
"Kindra","Ultimate","Sanctuary of Eternity","kindra_ultimate.wav","1.366","48000","24","1","-8.00"
"Kyumi","Skill 1","Orb of Illusion","kyumi_skill1.wav","0.568","48000","24","1","-6.71"
"Kyumi","Skill 2","Charm of Longing","kyumi_skill2.wav","0.961","48000","24","1","-5.26"
"Kyumi","Ultimate","Spirit Rush","kyumi_ultimate.wav","2.053","48000","24","1","-5.71"
"Mirehook","Skill 1","Barbed Chain","mirehook_skill1.wav","0.518","48000","24","1","-3.33"
"Mirehook","Skill 2","Rot Cloud","mirehook_skill2.wav","0.576","48000","24","1","-3.09"
"Mirehook","Ultimate","Feast Lock","mirehook_ultimate.wav","1.848","48000","24","1","-4.11"
"Nullweaver","Skill 1","Gravitic Pin","nullweaver_skill1.wav","0.528","48000","24","1","-6.06"
"Nullweaver","Skill 2","Dark Filament","nullweaver_skill2.wav","0.845","48000","24","1","-5.74"
"Nullweaver","Ultimate","Singularity Well","nullweaver_ultimate.wav","1.897","48000","24","1","-7.80"
"Oathmute","Skill 1","Inkblight","oathmute_skill1.wav","0.619","48000","24","1","-3.14"
"Oathmute","Skill 2","Last Edict","oathmute_skill2.wav","0.685","48000","24","1","-7.98"
"Oathmute","Ultimate","Stillness Decree","oathmute_ultimate.wav","1.425","48000","24","1","-4.59"
"Paxi","Skill 1","Illusory Orb Jaunt","paxi_skill1.wav","0.579","48000","24","1","-4.74"
"Paxi","Skill 2","Waning Rift Silence","paxi_skill2.wav","0.808","48000","24","1","-7.99"
"Paxi","Ultimate","Dream Coil Tether","paxi_ultimate.wav","1.270","48000","24","1","-5.09"
"Quillback","Skill 1","Viscous Nasal Slime","quillback_skill1.wav","0.570","48000","24","1","-3.06"
"Quillback","Skill 2","Quill Spray Nova","quillback_skill2.wav","1.004","48000","24","1","-9.40"
"Quillback","Ultimate","Warpath Stampede","quillback_ultimate.wav","1.299","48000","24","1","-7.22"
"Raijin","Skill 1","Static Remnant","raijin_skill1.wav","0.616","48000","24","1","-8.35"
"Raijin","Skill 2","Electric Vortex","raijin_skill2.wav","1.047","48000","24","1","-7.21"
"Raijin","Ultimate","Ball Lightning","raijin_ultimate.wav","1.676","48000","24","1","-6.33"
"Renn","Skill 1","Gilded Vault","renn_skill1.wav","0.539","48000","24","1","-9.98"
"Renn","Skill 2","Harmonic Waltz","renn_skill2.wav","0.887","48000","24","1","-11.99"
"Renn","Ultimate","Dazzling Rush","renn_ultimate.wav","1.351","48000","24","1","-6.34"
"Skybreaker","Skill 1","Flakburst Cannon","skybreaker_skill1.wav","0.507","48000","24","1","-9.84"
"Skybreaker","Skill 2","Rotor Overdrive","skybreaker_skill2.wav","0.773","48000","24","1","-7.32"
"Skybreaker","Ultimate","Air Superiority","skybreaker_ultimate.wav","1.394","48000","24","1","-3.00"
"Solana","Skill 1","Solar Shieldbash","solana_skill1.wav","0.538","48000","24","1","-11.66"
"Solana","Skill 2","Zenith Lance","solana_skill2.wav","0.725","48000","24","1","-4.24"
"Solana","Ultimate","Daybreak Flare","solana_ultimate.wav","1.428","48000","24","1","-7.02"
"Solenne","Skill 1","Dusk Lance","solenne_skill1.wav","0.772","48000","24","1","-3.03"
"Solenne","Skill 2","Mistbind","solenne_skill2.wav","0.941","48000","24","1","-6.52"
"Solenne","Ultimate","Daybreak Veil","solenne_ultimate.wav","1.716","48000","24","1","-8.85"
"Soulscourge","Skill 1","Gloom Raze","soulscourge_skill1.wav","0.629","48000","24","1","-4.22"
"Soulscourge","Skill 2","Soul Draw","soulscourge_skill2.wav","1.012","48000","24","1","-11.23"
"Soulscourge","Ultimate","Dirge Wave","soulscourge_ultimate.wav","1.828","48000","24","1","-7.38"
"Stepstone","Skill 1","Quarry Rush","stepstone_skill1.wav","0.500","48000","24","1","-5.84"
"Stepstone","Skill 2","Crosswind Guard","stepstone_skill2.wav","1.074","48000","24","1","-10.10"
"Stepstone","Ultimate","Bellbreak Kick","stepstone_ultimate.wav","1.825","48000","24","1","-3.01"
"Stonebranch","Skill 1","Skyroot Strike","stonebranch_skill1.wav","0.577","48000","24","1","-3.03"
"Stonebranch","Skill 2","Canopy Bound","stonebranch_skill2.wav","0.845","48000","24","1","-3.00"
"Stonebranch","Ultimate","Court of Branches","stonebranch_ultimate.wav","1.249","48000","24","1","-3.13"
"Stonewake","Skill 1","Faultline","stonewake_skill1.wav","0.549","48000","24","1","-7.59"
"Stonewake","Skill 2","Runic Maul","stonewake_skill2.wav","0.939","48000","24","1","-6.64"
"Stonewake","Ultimate","Quake Chorus","stonewake_ultimate.wav","1.736","48000","24","1","-3.00"
"Sylla","Skill 1","Summon Spirit Bear","sylla_skill1.wav","0.840","48000","24","1","-3.05"
"Sylla","Skill 2","Savage Roar","sylla_skill2.wav","1.067","48000","24","1","-8.86"
"Sylla","Ultimate","True Form","sylla_ultimate.wav","1.388","48000","24","1","-10.43"
"Tequoia","Skill 1","Verdant Cage","tequoia_skill1.wav","0.733","48000","24","1","-3.00"
"Tequoia","Skill 2","Nature Link","tequoia_skill2.wav","0.993","48000","24","1","-3.51"
"Tequoia","Ultimate","Nature's Wrath","tequoia_ultimate.wav","1.755","48000","24","1","-6.90"
"Valerie","Skill 1","Vault Breaker Punch","valerie_skill1.wav","0.700","48000","24","1","-6.81"
"Valerie","Skill 2","Denting Impact","valerie_skill2.wav","0.937","48000","24","1","-3.00"
"Valerie","Ultimate","Cease and Desist Slam","valerie_ultimate.wav","1.415","48000","24","1","-11.07"
"Valkira","Skill 1","Crescent Cleave","valkira_skill1.wav","0.820","48000","24","1","-10.53"
"Valkira","Skill 2","Iron Will Slam","valkira_skill2.wav","0.603","48000","24","1","-5.79"
"Valkira","Ultimate","Executioner's Descent","valkira_ultimate.wav","1.553","48000","24","1","-4.01"
"Veyara","Skill 1","Prism Hurl","veyara_skill1.wav","0.464","48000","24","1","-7.73"
"Veyara","Skill 2","Facet Dash","veyara_skill2.wav","0.679","48000","24","1","-5.25"
"Veyara","Ultimate","Crownfall Surge","veyara_ultimate.wav","1.221","48000","24","1","-12.63"
"Voltgrip","Skill 1","Arc Grapple","voltgrip_skill1.wav","0.670","48000","24","1","-4.06"
"Voltgrip","Skill 2","Charged Fist","voltgrip_skill2.wav","0.559","48000","24","1","-7.96"
"Voltgrip","Ultimate","Thunder Dome","voltgrip_ultimate.wav","1.203","48000","24","1","-3.31"
"Wraithhook","Skill 1","Spectral Harpoon","wraithhook_skill1.wav","0.827","48000","24","1","-4.35"
"Wraithhook","Skill 2","Guiding Lantern","wraithhook_skill2.wav","0.895","48000","24","1","-5.06"
"Wraithhook","Ultimate","Lantern Prison","wraithhook_ultimate.wav","1.282","48000","24","1","-6.01"
"Xin","Skill 1","Blazing Bolas","xin_skill1.wav","0.788","48000","24","1","-5.21"
"Xin","Skill 2","Flash Flurry","xin_skill2.wav","0.828","48000","24","1","-5.30"
"Xin","Ultimate","Flame Remnant Charge","xin_ultimate.wav","1.968","48000","24","1","-6.65"
"Zal","Skill 1","Venom Hex","zal_skill1.wav","0.541","48000","24","1","-12.71"
"Zal","Skill 2","Shadow Surge","zal_skill2.wav","0.939","48000","24","1","-10.32"
"Zal","Ultimate","Soul Sanctuary","zal_ultimate.wav","1.222","48000","24","1","-7.64"
